FIPS,Value
02261,4.211868709
02270,5.00284935
02275,4.065964356
02290,8.899007308
04003,0.640621404
04009,5.147517368
04012,3.142205821
04015,4.164303203
04023,5.578451386
05005,5.846718692
05023,5.067701283
05025,1.748234886
05027,7.413864361
05037,1.888653596
05043,5.108268834
05051,8.942584549
05059,8.607715393
05067,6.268604477
05081,0.447499936
05087,1.907640648
05097,7.804380648
05109,7.346901753
05111,3.823834216
05123,7.535610659
05129,7.291217508
05135,4.0603042
05139,7.588772828
08053,5.098052039
08061,5.079260219
08073,0.260622441
08079,5.877454338
08085,1.845768736
08095,7.317717835
08101,3.519964704
08105,0.069119481
08115,2.460702876
08121,8.818361786
09013,0.520374703
09015,3.229163223
12005,6.355555653
12013,3.168813669
12019,6.400961297
12033,1.988763799
12041,5.535335553
12049,5.357150912
12055,0.295067951
12067,2.313898881
12077,0.672320992
12081,4.624619518
12083,7.503011708
12087,8.462049203
12099,2.583251672
12107,1.245555821
12123,7.73166817
12133,7.215839923
13009,8.498468934
13019,8.052959522
13035,6.932271726
13043,7.97099373
13047,7.443683174
13055,0.271809121
13071,4.995569848
13075,1.92539207
13081,7.11399484
13093,0.770944166
13101,0.143351519
13109,5.311656011
13119,5.498640313
05141,7.377512637
05143,8.046421857
05147,4.583869525
06011,5.697899537
06021,7.516253789
06031,0.026178186
06043,4.458427296
06049,8.927925978
06067,8.727600587
06071,3.42871207
06083,4.275014298
06089,8.336938837
06107,4.428222046
08001,6.266200464
08003,5.20709764
08011,7.289848234
08013,1.810501034
08014,4.402833285
08025,2.285265628
08039,6.558072591
08047,6.926374723
01001,7.972560277
01003,1.909650185
01007,6.089782969
01011,1.508218502
01021,2.256307224
01031,3.333932462
01037,7.135819921
01045,1.978347948
01055,2.370838404
01059,7.21824144
01075,5.137772057
01087,2.17721004
01093,5.130341521
01103,1.623063349
01111,7.134423978
01119,7.492024852
01131,4.703287631
02013,2.557386167
02050,7.607342012
02105,1.234369406
02122,4.981712184
02130,2.838012111
02150,5.492978512
02164,7.740389528
02180,3.737833051
02185,6.06724524
02188,4.163448112
02195,6.058775008
02220,5.02413495
17069,1.439064524
17079,4.883646061
17081,1.529935849
17087,4.526887442
17093,2.973155506
17099,3.76863904
17103,7.631959368
17109,2.572923873
17115,4.057266669
17121,1.700699285
17129,4.865232024
17135,7.888910274
17141,7.704835987
17147,5.506699098
17155,0.864659046
17159,4.437992574
17165,4.329989655
17171,8.492131391
17175,5.462288578
17187,5.367774418
17189,8.205363701
17197,5.211553196
18001,6.424026881
18007,4.282206065
18011,5.784750964
18017,5.994995875
18023,1.416654062
18031,5.234554887
18035,7.51587937
18041,2.961063181
18047,1.556307876
18049,1.891380607
18053,8.358190607
18055,4.116102968
18065,5.40663725
18069,4.525795004
18075,5.140478544
18081,3.119575519
18085,6.898696151
18093,3.79878694
18095,6.572586693
18101,1.766008861
18107,7.91722288
18113,5.978916108
18117,8.616476709
18127,5.718942265
18131,1.359045901
18133,1.899249049
18139,8.95237703
18145,7.137188353
18157,5.969371425
18159,1.145614213
18167,1.407858211
18177,4.912907429
18179,1.729068199
19001,4.873883809
19007,1.252982168
19013,6.609286165
19017,1.399342374
19021,8.931534929
19027,6.775537533
19031,4.186203859
19035,0.633549105
19039,3.711052248
13125,0.913793798
13127,4.681899715
13131,3.694169541
13143,4.129146783
13149,6.361133835
13155,8.689352655
13163,7.593094962
13171,3.265919903
13177,8.682327631
13189,3.001426262
13199,8.462416056
13217,0.402824075
13223,2.333409684
13227,2.361289701
13233,0.772139057
13243,2.672362629
13249,7.732016373
13261,1.510698793
13273,8.677558281
13277,4.56541553
13285,7.870827609
13295,2.720348806
13307,6.761377824
13311,7.708965036
13315,6.166686297
15005,5.380097536
15009,6.661888023
16009,8.141264885
16019,0.801028117
16025,2.663215587
16041,6.730792428
16045,0.319604193
16049,3.954259766
16057,5.904949833
16059,6.072863189
16067,1.345600981
16081,5.293874287
17005,3.77962788
17007,0.128757704
17009,7.345159547
17019,7.97563463
17025,7.347927865
17029,4.823100678
17035,7.259961524
17037,2.455086546
17041,5.904093207
17049,1.23935907
17053,5.358394775
17065,3.754680071
20209,3.096758604
21001,1.397912833
21005,3.559574765
21021,7.04200819
21029,1.067343608
21035,3.395653495
21045,8.154685772
21053,2.390540121
21061,8.933149364
21073,6.440272241
21081,8.222784661
21083,7.278010721
21097,1.245056366
21103,6.238280323
21113,7.36503064
21129,6.446332352
21137,1.913011599
21141,7.342604789
21149,6.053266676
21157,0.58957406
21165,0.756479077
21169,7.323592294
21179,2.736902989
21189,2.31389592
21195,3.96884541
21201,6.704394073
21215,1.739248981
21227,7.923582423
21237,4.775658596
22003,8.778456609
22013,3.901380199
22027,2.578528945
22037,3.902331946
22047,4.235487279
22059,6.215031708
22073,8.322794005
22075,4.951804223
22087,3.74140795
22089,8.300874357
22105,5.119773226
22111,1.124484468
19041,7.117221722
19043,6.530387755
19047,0.792877185
19055,2.002529502
19063,8.597148134
19065,0.751691409
19069,2.418614944
19075,2.001535223
19079,7.350354955
19087,2.076366088
19091,5.128580839
19095,8.018126026
19101,7.591659568
19105,3.34876927
19113,7.74028934
19117,6.711518283
19121,5.161938021
19123,3.43713889
19131,1.649018013
19135,3.453662348
19141,7.453728322
19147,0.790854336
19151,1.115081063
19157,8.835152137
19159,5.326442879
19165,4.547309172
19169,1.044429967
19175,5.268053422
19179,2.217680583
19183,3.567954651
19195,0.254575755
19197,7.35665708
20001,6.054396854
20013,4.119531004
20017,1.793979574
20025,3.580430297
20027,4.238587176
20029,0.897903381
20031,4.026164203
20033,3.705438435
20041,1.234021979
20047,3.548548956
20049,1.263003125
20055,0.357070465
20063,5.918464777
20067,6.022808635
20073,8.777567956
20077,5.402792729
20083,1.769522873
20093,2.044011891
20095,5.994144047
20101,8.778802424
20105,2.156171798
20109,4.701956226
20117,8.737278714
20131,6.761994772
20139,6.664271376
20151,7.98470171
20155,1.709481258
20163,6.472302957
20165,2.098500631
20169,6.73208014
20177,6.471902937
20185,7.419986021
20189,6.071021939
20193,5.932763254
20199,5.084690981
20205,8.491554289
26057,4.789903603
26059,6.311261477
26061,8.95075867
26065,3.202160456
26067,1.443520617
26069,7.910972127
26073,6.94877509
26077,8.973130255
26083,2.723608532
26085,6.866971154
26093,5.023413026
26097,3.579537515
26103,4.918394113
26107,5.499000004
26109,3.995714054
26111,2.839923207
26117,7.859978272
26123,6.265327024
26129,7.018170436
26133,1.143730895
26135,8.057646138
26137,2.193067337
26143,0.953749641
26151,4.513968845
26155,8.304177403
26161,4.729030831
27009,7.841913965
27017,4.344058136
27027,4.901804882
27029,5.280205893
27031,0.827764841
27039,7.024211119
27041,8.411200672
27051,7.933335828
27057,1.443412077
27059,3.355178174
27065,6.46255604
27073,7.722474689
27079,7.794669025
27081,7.023231169
27083,3.215460379
27085,6.821981326
27091,1.440748997
27111,1.135255562
27119,6.242892825
27121,7.578293077
27125,8.616475494
27131,2.883930221
27137,8.074729122
27143,7.145500891
27147,8.451918004
27153,1.898547877
27159,3.513427111
27165,8.734849776
27167,3.616515676
28003,0.346620867
28007,4.4745579
28013,4.639135316
28023,2.159733836
28031,6.03987328
28035,4.709232293
28037,4.286400181
28043,2.610352592
28057,8.738415253
28061,8.580082604
28065,0.814205665
28067,4.96999109
28073,5.445306629
22119,5.526628215
22121,2.86818683
22127,5.99421628
23003,5.530127302
23005,1.197502463
23009,8.988189827
23023,6.041291534
23029,3.97102258
24001,7.733187347
24003,4.949573912
24017,8.199511103
24019,6.129672387
24027,4.97184002
24029,4.728163035
24035,4.538876615
24037,0.150554498
24041,6.348574245
24043,3.463675385
25003,2.857678953
25019,1.031518193
26005,0.402000494
26009,5.123946943
26015,1.631852054
26019,4.769121079
26025,2.626850251
26035,6.820658774
26037,2.153889597
26039,4.915535345
26045,7.089131009
26049,0.41075267
30045,7.144705945
30051,6.405143071
30065,0.639909608
30075,4.086029552
30091,2.009722329
30101,2.858144701
31001,2.240852687
31005,8.953489932
31009,5.905173108
31017,7.325001807
31029,6.317165719
31035,1.865154788
31037,3.930640537
31039,3.22886364
31047,0.664019445
31057,7.777521585
31063,0.458708259
31069,3.342665361
31073,2.76249646
31085,7.004045161
31091,1.43399715
31093,0.726760198
31097,3.415102764
31109,8.478381592
31111,6.042796268
31115,2.158830531
31117,4.192950055
31121,4.00769488
31123,7.270973796
31129,6.936108829
31135,6.490249945
31139,7.016538644
31149,5.47083391
31151,1.961435395
31157,3.867335193
31163,4.360798974
31167,2.891040645
31171,1.19505917
31179,7.490355012
31183,1.417480687
31185,8.935145808
32003,3.055963413
32015,6.044651356
32027,8.863350068
32510,4.291127727
33007,5.171050359
33009,4.875563151
33013,0.45560666
34003,2.355982951
34017,6.769835821
34029,8.49805608
34035,4.52637052
35001,0.354956648
28075,6.15676284
28077,3.487762367
28079,2.141836534
28081,3.626293619
28085,7.016076787
28091,4.259506104
28097,2.84536331
28101,6.020259096
28107,4.749683623
28115,8.909561934
28117,1.956900361
28123,5.311137785
28129,3.498921426
28139,6.007619543
28145,3.481548487
28153,0.181214947
28159,5.354149878
29001,1.437921409
29007,0.307443601
29015,0.274782909
29025,1.465184597
29027,2.967638304
29035,2.012466579
29043,6.491629543
29049,0.423096585
29053,5.698053898
29057,8.069423589
29063,0.515670344
29067,2.518991834
29075,6.367351467
29079,2.056928499
29085,6.530517742
29093,1.200978816
29095,3.618218174
29101,3.813855774
29103,1.869569
29109,5.29540656
29115,5.287235817
29119,7.627331683
29125,3.862169188
29135,4.30244062
29139,8.383931096
29149,6.394595327
29159,6.373651644
29161,2.683094269
29167,5.747501664
29175,6.930539935
29185,2.698255073
29187,1.469193983
29197,7.098304467
29203,4.851415947
29211,2.883341651
29215,4.58336138
29221,7.077846264
29229,8.006659538
30001,5.791365292
30011,7.767651203
30025,8.7417505
30035,1.344098346
37179,1.407560771
37181,3.605030843
37191,2.83762037
38003,0.039812631
38007,8.086925022
38013,5.493634318
38017,7.057609742
38019,6.363853733
38027,2.796133406
38031,7.619786111
38039,4.881716797
38041,6.119386201
38045,3.000988187
38057,8.794487526
38063,0.625457547
38069,5.623736229
38075,8.857946441
38083,6.208615756
38089,1.102433564
38095,7.445143105
38097,0.776693096
38103,1.727446445
39003,8.893324951
39011,2.900327181
39019,8.97941226
39023,8.827331005
39031,4.014445766
39033,6.498921091
39041,2.406599222
39047,3.795106172
39053,1.964700194
39055,0.102078237
39059,3.182315987
39065,4.021504212
39073,1.574140969
39077,7.026336369
39089,0.301287192
39091,7.196321458
39097,8.506965531
39103,8.640500642
39109,5.431868914
39117,6.138142661
39125,6.583366833
39131,3.849963252
39137,8.840679632
39143,0.652218463
39147,4.942891677
39157,5.031932757
39159,4.838151074
39165,1.342873774
39169,5.765228038
40005,2.501865779
40011,8.006892595
40019,7.664302739
40027,1.979390733
40037,6.103758069
40039,6.794027245
40043,1.70741248
40053,0.137219896
35011,7.815887076
35015,5.312927881
35017,0.76561691
35027,5.828487771
35035,4.377572902
35047,2.744238208
35057,1.609112356
35061,7.933243012
36011,8.725969285
36021,4.84474993
36023,8.025423636
36033,2.934624359
36041,1.89309555
36049,1.867114874
36057,8.404979247
36065,0.866931954
36073,6.690271931
36079,7.775571352
36087,6.419913696
36095,3.350167209
36107,3.588283406
36117,8.730368069
37001,8.132141412
37003,0.755127429
37005,5.169728784
37017,3.194898876
37025,3.264720177
37033,4.659110834
37043,0.858119794
37055,8.969284629
37057,8.873555172
37063,5.32602541
37073,1.379267527
37081,3.101712027
37091,0.602464351
37101,4.019657781
37109,3.67851931
37123,3.010416505
37127,7.320074891
37135,7.592226249
37145,0.393725805
37151,6.196463301
37155,4.205855722
37167,4.691887457
45045,0.736926293
45047,4.277068782
45051,8.17440001
45061,5.588982523
45081,2.087816675
45087,4.217713329
46003,2.936407094
46005,6.14487018
46013,3.124754226
46017,5.365214964
46025,1.103342748
46029,3.235364154
46043,8.500445715
46045,7.694031873
46055,1.497369512
46061,3.475902816
46067,4.361326505
46073,5.889913071
46077,4.009248377
46079,5.302405388
46087,6.508731358
46097,0.785083023
46099,3.922707298
46107,6.012834985
46111,8.266367543
46121,8.353505739
46125,6.040577102
46137,7.040699575
47003,3.719437575
47005,0.560620383
47015,3.764825179
47017,1.405966034
47031,5.830100776
47039,7.251139229
47047,1.672731626
47053,2.992780606
47061,3.442695473
47069,1.440751827
47077,0.084446805
47083,0.879838974
47099,5.946561567
47107,0.773760939
47113,2.573038238
47125,8.88378642
47133,2.645199034
47153,6.249445463
47169,5.541830167
47173,2.533153392
47179,2.149217694
40057,6.773789153
40059,0.071591464
40063,7.099167338
40069,6.151920011
40073,0.657509622
40077,1.461557044
40091,0.197348304
40097,5.831517455
40103,5.858509444
40109,0.425173957
40119,3.657534852
40125,2.676861358
40131,1.604880296
40137,8.138889858
40147,1.816134396
40153,1.137211346
41013,2.470144379
41025,0.823433111
41031,0.899251646
41049,8.7265059
41053,2.865945558
41067,6.743889831
42007,8.225406877
42011,8.522619593
42013,0.870008356
42015,6.051303776
42023,6.567797921
42047,7.411851951
42053,1.957769971
42063,5.775373898
42069,2.291692672
42075,0.674247362
42083,4.322592368
42093,7.371016968
42105,3.947027865
42107,3.350651235
42113,5.481085572
42119,1.682395832
42131,5.477048584
45001,2.236152534
45009,2.434063832
45023,7.411618138
45031,1.735350551
45039,3.523197656
48173,6.048166857
48175,1.837549695
48179,4.544023845
48183,5.325207344
48189,4.766200151
48193,6.423150589
48205,4.635228631
48207,4.134954829
48209,1.802917482
48219,2.297522825
48221,3.89586285
48227,4.517541994
48231,8.257522016
48233,3.384745588
48237,4.132855895
48243,6.956436088
48251,2.331414937
48253,6.823757628
48263,0.090559008
48265,5.831610398
48269,6.293183485
48279,1.570569889
48281,5.235486422
48291,2.314919618
48293,3.526051719
48303,5.392073752
48305,4.62144448
48309,2.930930952
48311,6.564037867
48317,5.282541639
48325,5.562891627
48327,6.435563556
48335,0.739326126
48341,6.685313883
48345,3.049263472
48353,1.033160967
48357,3.558719862
48359,3.90637662
48363,0.397331254
48365,2.859275263
48367,1.471732454
48375,8.041127096
48379,0.32635027
48381,3.179074148
48393,3.685464643
48397,5.09161538
48399,0.431955297
48407,1.107606385
48413,2.178404278
48417,3.238656546
48429,8.577665681
48431,0.098857638
48437,5.997384043
48441,3.383341206
48445,1.117231067
48455,8.333705744
48461,8.901822726
48467,7.789897471
48481,1.375983935
48483,6.288719014
48491,5.4962309
48497,4.418958609
48503,0.211344509
48507,1.915122108
49011,4.289741961
49021,6.805368741
47183,6.612575609
47185,7.003887838
48003,0.026192575
48009,8.31666356
48011,6.676657125
48013,0.820516939
48017,5.932461238
48023,1.87625886
48027,3.362230304
48031,1.293486322
48037,2.718154644
48047,2.66818399
48059,0.246003157
48063,7.499943208
48065,8.984186387
48069,8.840318036
48075,2.470935555
48079,8.47000901
48081,8.707607054
48087,5.93785143
48093,2.451663459
48099,4.652135669
48101,3.622930411
48107,4.55544602
48111,7.709148359
48115,1.463578851
48121,6.491949548
48125,1.326795722
48131,7.682041224
48143,8.706464368
48145,3.61216573
48149,3.210297571
48159,0.48240411
48163,3.638821146
48171,1.851136396
53035,7.439093658
53045,7.58007836
53059,3.459183697
53069,8.050132401
54001,8.027609923
54013,1.880571286
54021,0.750518236
54033,8.18725298
54041,5.194683802
54047,1.943724686
54061,2.382400512
54067,6.727762635
54089,8.035788085
54101,6.218674369
54105,4.761230252
55001,7.25197632
55005,1.123478238
55015,8.75840136
55017,3.452584661
55025,2.125625495
55027,0.663305334
55033,5.197914347
55035,7.828741641
55039,8.04063876
55045,5.021311064
55047,6.91009605
55053,6.232153094
55065,2.95014658
55067,2.179818722
55073,7.725108625
55075,2.718304356
55081,8.499407366
55085,6.123447215
55097,3.947322526
55099,3.201278057
55103,7.18424603
55107,4.788253752
55113,5.794484288
55127,1.891617826
55131,0.017641993
55137,3.345712344
56005,4.061304704
56015,8.709679801
56025,8.485775054
56031,2.337719447
56041,0.065006407
56045,6.344422384
72007,5.083975644
72009,4.457370167
72015,0.588401307
49027,6.228225831
49031,8.585493874
49039,3.734702925
49053,2.608425204
50003,3.227419409
50009,8.701999282
50015,6.403555436
50023,7.852265496
51003,7.058272326
51013,1.148185033
51025,7.412565803
51035,6.407194671
51043,3.649986896
51049,0.126902013
51063,8.623122559
51075,8.706769039
51081,6.075019483
51097,0.119833413
51109,7.337693536
51121,8.547352772
51127,0.269501157
51135,6.651478464
51145,1.034130279
51159,1.08479786
51169,3.361618262
51181,5.36094216
51187,3.358323389
51197,4.210069996
51515,6.628744889
51530,1.06218531
51570,8.743691173
51595,6.043398215
51610,8.637127295
51640,3.766233062
51660,8.851143936
51683,6.911934033
51690,7.71915092
51720,5.804599615
51740,4.854526721
51770,0.568019352
51820,7.731188474
51830,0.02334136
53013,5.187055341
53023,5.810657384
04019,7.473320978
04021,8.23240027
04025,5.583809337
04027,3.160492938
05001,3.339692528
05003,4.656136256
05007,3.630400934
05009,4.648862202
05011,8.544169736
05013,1.341730053
05015,2.797482281
05017,7.255149747
05019,5.559903773
05021,7.057771571
05029,1.174611959
05031,0.93729206
05033,1.997492379
05035,5.098801212
72017,2.564665981
72019,0.529909832
72021,5.973491721
72023,2.858354732
72027,3.98200407
72039,2.039969403
72043,3.225599041
72051,5.581635234
72054,1.249493866
72063,7.39174877
72069,3.879762301
72077,0.709526937
72085,6.055646136
72089,3.100728108
72095,0.989438362
72105,5.037742747
72109,8.119835352
72117,4.039580659
72121,1.843164379
72129,3.339905794
72133,8.066945073
72145,0.545956643
72149,7.38178279
02240,5.194320765
02282,5.183924019
04001,3.356858717
04005,1.657690811
04007,2.61225836
04011,1.824001722
04013,5.281135864
04017,8.594931445
05101,6.954538025
05103,7.849243821
05105,5.931342713
05107,8.081767695
05113,7.392352325
05115,2.672749465
05117,2.986820356
05119,6.765249509
05121,5.971329552
05125,4.81974122
05127,2.889972701
05131,8.398943947
05133,8.625371207
05137,0.85905956
08051,0.795726752
08055,3.104711535
08057,0.104036291
08059,6.834464772
08063,2.50036134
08065,3.207158522
08067,3.515244141
08069,8.487250357
08071,5.511117983
08075,8.6985535
08077,5.391954999
08081,2.705137291
05039,8.519059496
05041,2.822445733
05045,6.008085143
05047,2.30074509
05049,8.725555015
05053,6.850965695
05055,1.690686881
05057,7.826975754
05061,5.315007938
05063,5.617200577
05065,5.108644927
05069,8.955417115
05071,6.106080994
05073,7.180368023
05075,2.830518113
05077,4.438812032
05083,3.075465485
05085,7.974394005
05089,2.544053867
05091,5.382686842
05093,7.528456472
05095,5.085958466
05099,6.343738736
09001,7.26602649
09003,5.058324925
09005,1.619553458
09007,7.525820082
09009,8.322159762
09011,5.349176383
10001,7.518877399
10003,4.94532041
10005,8.891048822
11001,3.595673493
12001,1.066589331
12003,4.790476045
12007,4.703638975
12009,6.307655254
12011,3.412299828
12015,2.727073419
12017,8.226380057
12021,6.512581141
08083,5.958218292
08087,0.46912596
08089,7.96299002
08091,1.461710229
08093,6.986539944
08097,1.619489323
08099,5.94469626
08103,0.022394029
08107,1.857555077
08109,4.480506105
08111,4.989296116
08113,1.898332646
08117,5.783430259
08119,3.072486636
08123,0.67707737
08125,1.980724869
12086,3.778958671
12089,0.032328586
12091,4.054573159
12093,7.231714934
12095,6.341435075
12097,7.979075075
12101,2.306127427
12103,4.594830032
12105,5.982925046
12109,3.865125547
12111,6.277254024
12113,2.295858449
12115,8.085480556
12117,4.350053684
12119,7.978974036
12121,7.384763786
12125,5.575560822
12127,7.135390845
12129,1.862776947
12131,1.479561822
13001,1.486900133
13003,6.887379891
12023,0.178724213
12029,0.153022401
12031,7.180891488
12035,2.001118809
12037,3.442498596
12039,2.803836
12043,7.994844709
12045,4.03101864
12047,4.378623893
12051,3.664252904
12053,6.264431041
12057,4.507387264
12059,0.483988234
12061,8.227462656
12063,1.806316603
12065,6.219030192
12069,0.001406891
12071,4.533769594
12073,8.889577525
12075,8.14585583
12079,4.836578999
12085,8.412810176
13069,3.794309712
13073,0.24157301
13077,3.074494153
13079,4.060739995
13083,8.342238108
13085,5.793146908
13087,7.434603285
13089,3.99455178
13091,0.567123894
13095,6.72143198
13097,7.159749297
13099,0.653502101
13103,4.131150061
13105,7.157952608
13107,8.432533705
13111,4.216100105
13113,0.758852691
13115,5.655115379
13117,0.173208226
13121,6.133781429
13123,2.262881642
05145,3.887980553
05149,2.316129694
06001,1.566461514
06003,8.069379873
13005,3.170917521
13007,8.635287959
13011,7.652302014
13013,8.984766897
13015,1.858466385
13017,0.702023716
13021,0.556460738
13023,4.939450382
13025,4.913372583
13027,6.12734966
13029,2.446838194
13031,1.009979234
13033,0.976347473
13037,3.70946251
13039,2.742073459
13045,3.98589396
13049,6.12173129
13051,1.583821151
13053,7.589059175
13057,0.474461556
13061,6.820510045
13063,0.488862331
13065,0.287313688
13067,1.912270475
06041,6.224720687
06045,4.63250274
06047,2.810516911
06051,7.542251008
06053,0.579223084
06055,4.752558479
06057,5.391340208
06059,1.177617894
06061,8.474375314
06063,7.307043712
06065,4.680514567
06069,1.613131566
06073,4.794512273
06075,2.645046782
06077,0.188623265
06005,6.641769058
06007,3.077920443
06009,1.886237532
06013,4.149663238
06015,8.012067116
06017,0.861800536
06019,7.812275276
06023,5.709986267
06025,5.434508712
06027,7.257671162
06029,5.018100005
06033,2.930091325
06035,1.792817398
06037,5.521892651
06039,1.458774764
18123,5.803248251
18125,6.138594372
18129,5.860234051
18135,0.051682945
18137,0.327307957
18141,0.237969279
18143,3.926232081
18147,3.064605108
18149,4.652848127
18151,0.70878303
18153,6.011679986
18155,7.130393355
18161,5.899823936
18163,7.268692751
26003,2.733011931
26007,5.20958079
26011,2.073032587
26013,8.862854182
26017,8.40407553
26021,7.95552751
26023,7.739301477
26027,0.476744868
26029,3.564040238
21041,1.603351178
21043,1.787520065
21047,5.631119836
21049,7.173254019
21051,0.791796455
21055,3.183334063
21057,4.406079119
21059,2.29457841
21063,8.054251984
21065,4.095122775
21067,7.773497728
21069,7.734110464
20079,3.642723855
20081,0.375327423
20085,8.918559242
20087,1.245913859
20089,6.677547442
20091,8.607296467
20097,8.890308413
20099,1.678619432
20103,7.258188692
20107,6.77083803
20111,4.684310007
20113,8.935610134
20115,2.174342782
20119,1.345339191
20121,8.419383797
20125,5.29951152
20127,4.290926387
20129,7.079907257
20133,2.467034811
20135,1.379297615
20137,2.023693715
20141,7.269833829
20145,2.985710736
20147,6.095913083
18165,5.202461693
26071,6.769180667
26075,3.631196315
26079,1.331176033
26081,0.168366162
26087,7.891475782
26089,0.392076591
26091,8.494225041
26095,1.285508752
26099,0.816018895
26101,1.772222089
26105,3.794343009
26113,0.638285566
26031,8.960091618
26033,5.389074016
26041,7.39427304
26043,7.76721166
26047,5.48716689
26051,2.836298921
21071,8.372703302
21075,8.437107143
21077,3.735575939
21079,8.614839176
21085,1.579319053
21087,3.124374028
21089,1.717240855
21091,6.507331128
21093,6.081050372
20149,3.076285869
20153,6.027272351
20157,4.160833609
20159,5.839363514
20161,2.152148563
20167,2.934273238
20171,5.355097322
20173,8.651052894
20175,4.994545063
20179,7.590143458
20181,2.807850726
20183,3.922308082
20187,4.742492684
20191,1.891405144
20195,1.210163732
20197,3.696249638
20201,7.605529985
20203,0.204283865
20207,6.91219466
26063,4.411556956
26115,5.213802577
26119,2.868741413
26121,2.415930873
26125,7.715317061
26127,8.635937287
26131,7.577809112
26139,0.623672217
26141,4.11934904
26145,8.232937035
26147,7.044201872
26053,5.833797172
26055,7.728138645
30047,1.040169293
30049,3.618316273
30053,0.14605527
30055,4.662482567
30057,0.719057753
21095,7.808985062
21099,7.216498338
21101,7.361573061
21105,2.778265602
21107,3.164422521
21109,3.943513494
21111,1.602459542
21115,7.624970772
21117,2.416847098
21119,4.234390531
21121,4.719522601
06079,0.884072206
06081,5.67938248
06085,6.959082635
06087,6.649063524
06091,3.819690631
06093,7.630596939
06095,0.168035062
06097,4.225896126
06099,2.233736912
26149,7.64953663
26153,5.755708805
26157,3.047309837
26159,5.156455271
26163,7.574569323
26165,0.436086245
27001,0.959763405
27005,7.903278713
27007,2.648452264
27011,1.454561066
27013,0.40782855
27015,0.351290565
27019,1.284261949
27021,6.124858748
27023,7.931906069
27025,8.324698992
27033,5.102336433
18169,2.800606644
18171,6.266518948
18173,7.103498759
18175,3.929666802
18181,1.532235997
18183,8.717999877
19003,0.973850077
19005,1.949939375
19009,5.132350107
19011,7.681475968
19015,3.080610474
19019,3.365292904
19023,7.9581887
19025,5.307611556
19029,4.435302814
19033,1.509481763
19037,8.885660393
13129,3.365450898
13133,8.177334604
13135,1.34028747
13137,7.987032548
13139,8.256607186
21123,3.98112118
21125,1.292275121
21127,0.868659766
21131,2.215706967
21133,0.392181611
21135,1.341304239
21139,7.363610924
21143,6.458092112
21145,7.931226134
06103,3.527685675
06105,2.610394196
06109,3.503212185
06111,2.027350381
06113,1.061779529
06115,6.973986752
08005,8.431717193
08007,0.310391795
08009,4.025221036
08015,8.056670026
08017,2.545892205
27035,3.393954123
27037,8.620746276
27043,0.586077598
27045,4.116999861
27047,1.078250235
27049,8.356717331
27053,6.530450914
27055,3.830158184
27061,3.56720873
27063,1.794715433
27067,5.674512582
27069,5.951251044
13141,4.138844172
13145,5.106662125
13147,3.667419931
13151,7.589094459
13153,4.108627387
13157,2.181435601
13159,2.611321995
13161,0.330231212
13165,6.457911058
13167,2.470914273
13169,0.698710833
13173,4.81118646
13175,0.556988772
13179,2.60038263
21147,2.490497974
21151,7.311848494
21153,7.387748165
21155,8.271602566
21159,5.796104653
21161,3.395877926
21163,0.907817868
21167,1.109053719
21171,8.115801103
21173,3.943655746
21175,6.63114223
21177,0.812639012
06101,7.919868117
08019,1.155863179
08021,3.975008316
08023,0.857609758
08027,3.125423556
08029,4.809350242
08031,5.036844065
08033,7.523298064
08037,1.149859129
08041,0.290173497
08043,0.277803281
08045,1.453175046
08049,2.199771246
27071,8.034629832
27075,0.771680395
27077,6.033699677
27087,4.992415932
27089,4.809843627
27093,2.278042103
27095,2.040981811
27097,5.444877976
27101,4.946782218
13181,3.009246579
13183,7.510571777
13185,3.86158151
13187,2.464861489
13191,1.767611339
13193,0.371174741
13195,0.95517963
13197,4.899774784
13201,2.087095228
13205,8.782772237
13207,3.265599156
13209,0.502724545
13211,1.620800183
13213,8.063439997
21181,4.638607313
21183,5.459563762
21185,6.395234076
21187,0.456456878
21191,1.953370983
21193,8.781255247
21197,0.475953016
21199,8.69479453
21203,6.215727097
21205,4.736930809
21207,1.213274629
21209,0.333323482
21213,1.938855232
21217,4.241379405
01005,2.337949319
01009,5.640327767
01013,0.289922438
01015,5.100018262
01017,8.91644591
01019,5.969885537
01023,3.643358658
01025,6.209395035
01027,6.42852738
01029,7.860089647
01033,3.26286996
01035,5.431021068
27103,2.603554949
27105,6.477694125
27107,5.360387711
27113,8.337129795
27115,7.483412268
27117,8.833869301
27123,2.063411067
27127,2.834463775
27129,8.274453959
27133,5.688416096
27135,1.774773172
27139,7.187307688
27141,0.138069513
13215,4.627657542
13219,6.410861391
13221,0.688417665
13225,1.176236248
13229,1.212847831
13231,2.628826733
13235,8.310774033
13237,3.850431191
13239,1.321050079
13241,1.037638542
13245,5.502431406
13247,8.86575417
21219,2.451744774
21221,1.376369841
21223,4.173934509
21225,6.119366115
21229,5.213518305
21231,7.41960842
21233,5.719765263
21235,8.048999078
21239,0.92924273
22001,8.090134322
22005,3.471328712
22007,2.846003727
22009,4.318171709
22011,2.353143085
01039,3.750522737
01041,6.016602468
01043,3.061101445
01047,5.986025652
01049,5.542176642
01051,6.167515999
01053,3.658040493
01057,3.708221308
01061,5.359033158
01063,8.520349428
01065,7.463662161
01067,5.430220541
01069,3.358471823
27145,4.143075222
27149,4.479419637
27151,2.823064161
27155,7.815658536
27157,4.828740967
27161,6.949302233
27163,2.145981604
27169,1.877310916
27171,5.895636109
27173,7.878003556
28001,0.36815495
13251,7.581131888
13253,8.114076707
13255,5.518749847
13257,0.729936147
13259,2.163965407
13263,2.966440933
13265,1.279154262
13267,8.624097689
13269,4.165661879
13271,2.033392568
13275,3.860386502
22015,4.222418614
22017,8.415777235
22019,5.830018118
22021,4.183862597
22023,6.753374119
22025,0.155671888
22029,5.969079753
22031,6.459112061
22033,7.979706043
01073,6.666769524
01077,1.146550232
01079,0.459486657
01081,7.047309071
01085,1.351862628
01089,2.573949888
01091,8.958262343
01095,1.113861531
01097,3.10773817
01099,6.454114097
01101,1.738788611
28005,6.553976601
28009,0.434043665
28011,2.57929532
28015,6.327023201
28017,6.856425955
28019,0.826228188
28021,6.136047624
28025,6.643118701
28027,2.574812438
28029,0.049256174
28033,4.821528203
28039,0.32429599
28041,2.004269935
13279,8.037579413
13281,4.980600375
13283,5.017488397
13287,4.77455345
13289,6.853833084
13291,2.391203899
13293,0.436456582
13297,3.150259155
13299,2.403631543
13301,3.49123053
13303,1.970579414
13305,1.273187583
13309,1.92867707
13313,5.582132462
22035,4.951552915
22039,1.854261538
22041,5.425976607
22043,6.443379528
22045,1.142224727
22049,2.034977022
22051,6.093776884
22053,3.284717191
22055,0.830434986
01071,6.022298818
01105,7.844447228
01107,0.871792059
01109,6.314274833
01113,8.619988083
01115,0.950578801
01117,8.418342106
01121,2.494319086
01123,8.965912711
01125,1.100550784
01127,2.568085393
01129,6.323792086
01133,8.782786097
28045,2.741990055
28047,4.63205034
28049,0.430820154
28051,1.150256093
28053,6.797775645
28055,5.650464738
28059,6.659654628
28063,2.570419789
28069,3.886565444
28071,2.755318618
13317,0.513101417
13319,3.125132513
13321,8.147397606
15001,0.230207798
15003,0.922643414
15007,4.515995311
16001,5.758510201
16003,1.560609379
22057,4.443013575
22061,8.682216684
22063,1.102021438
22065,3.830725218
22067,4.104501442
22069,2.502794776
22071,5.75720714
02016,8.771670091
02020,2.626194775
02060,2.389967836
02068,1.902839104
02070,8.819126237
02090,4.352500089
02100,1.690097202
02110,1.611375089
22117,2.958315542
22123,3.802279231
22125,4.054701246
23001,5.661617848
23007,5.139417969
23011,4.873033601
23013,5.502169303
23015,4.334221751
16005,8.004643088
16007,4.496616621
16011,2.495990355
16013,1.877108454
16015,7.392766672
16017,7.58676779
16021,3.248545693
16023,0.328178982
16027,5.626342277
16029,7.599528415
16031,3.14209757
16033,3.779826504
22077,0.505047216
22079,6.859008404
22081,4.607056844
22083,6.352861894
22085,2.603207884
22091,0.689484222
22093,3.447767197
22095,5.013326149
22097,0.483063109
22099,2.623154249
22101,5.658830573
02170,5.747533651
02198,4.763512546
02230,0.354004275
17071,4.045589653
17075,2.745000215
17077,3.064161916
17083,4.233159354
17085,2.876172941
17089,7.846833362
17091,5.648913365
17095,0.683697683
17097,2.230784977
17101,3.123159561
17105,1.719224488
17107,3.951561011
17111,7.641165222
23017,5.38637332
23019,0.11207882
23021,5.103902636
23025,6.942478342
23027,1.260755086
23031,6.857781579
16035,0.103496803
16037,8.788971032
16039,1.753721285
16043,7.961115223
16047,2.026649193
16051,7.327267226
16053,3.27007417
16055,5.64946995
16061,6.76019321
16063,6.17456882
16065,1.226489785
22103,0.055425894
22107,3.618879137
22109,8.915010088
22113,2.259574922
22115,8.723799861
19045,6.494766429
19049,6.509341513
19051,6.028726652
17117,3.604089745
17119,4.847540849
17123,1.993714354
17125,6.79775992
17127,5.421273897
17131,3.716653464
17133,0.29911452
17137,8.138333449
17139,2.571520788
17143,1.335053937
17145,7.081954523
17149,7.84236398
17151,8.026994646
17153,5.435743906
17157,3.203816673
24005,6.140737944
24009,3.895933472
24011,8.959160955
24013,2.899107441
24015,0.371920235
24021,3.760073537
16069,6.120437774
16071,1.452195587
16073,8.445218685
16075,3.989585173
16077,2.860797778
16079,3.325251082
16083,3.42867025
16085,3.190021768
19053,2.385454677
19057,4.159216799
19059,5.661178199
19061,7.618657553
19067,4.438017558
19071,4.496440912
19073,5.780071712
19077,2.842531869
19081,5.87945595
19083,4.861582793
19085,2.227108152
19089,4.205133673
19093,6.276364176
19097,6.124787412
19099,8.808196853
19103,5.619214983
19107,4.703287666
19109,6.622475292
17113,5.525756941
17161,8.941160284
17163,5.456718271
17167,4.460478878
17169,2.864324163
17173,0.978978922
17177,5.258575677
17179,5.80352118
17181,5.602168661
17183,6.716356927
17185,5.348370117
17191,8.448274839
17193,6.919896916
17195,3.901861529
17199,8.107474785
17201,0.359767185
17203,1.689068218
24023,3.354086961
24025,0.432460371
24031,3.19426539
24033,0.883256842
24045,2.279730564
16087,7.133300813
17001,3.559810082
17003,5.551591023
17011,2.797574128
17013,4.846820149
17015,1.891408854
17017,5.904459058
17021,7.239747111
17023,6.865389237
17027,0.383854804
19111,0.520776934
19115,7.472039026
19119,3.22396176
19125,1.340463017
19127,3.943997213
19129,0.697553223
19133,7.22670228
19137,5.450840958
19139,2.755141462
19143,0.541302525
19145,6.395412249
19149,4.413867504
18003,6.757815446
18005,0.872285665
18009,8.286781444
18013,6.306125048
18015,7.015358428
18019,6.298253717
18021,7.859352342
18025,1.01360049
18027,1.274687774
18029,2.305349891
18033,4.460629686
18037,5.180768082
18039,2.155179577
18043,8.362818874
18051,8.113378535
18059,8.1387889
18061,2.678417737
24047,1.947850118
24510,0.603954592
25001,4.666181544
25005,7.232865499
25007,0.646397602
25009,7.832697363
25011,8.651927288
17031,2.070590443
17033,1.807040979
17039,2.431720506
17043,1.850825073
17045,3.726320387
17047,6.632774447
17051,0.823790146
17055,6.357910619
17057,3.275071128
17059,8.443437443
17061,4.057048441
17067,8.492989951
21003,4.708165703
21007,1.894633307
21009,2.367666048
19153,8.941710869
19155,4.958175917
19161,8.186913003
19163,2.112012129
19167,7.145475539
19171,0.005970419
19173,7.244674094
19177,3.48796473
19181,0.247934117
19185,8.509120108
19187,0.205194556
19189,0.217899618
19191,1.163617988
19193,1.573575186
20003,3.8540032
20005,6.62042987
18063,8.849473396
18067,6.765581449
18071,2.801661476
18073,3.862862204
18077,0.029489692
18079,5.570622435
18083,6.167734395
18087,7.919061714
18089,2.249962234
18091,1.186932576
18097,4.308606535
18099,8.121165439
18103,4.299491077
18105,1.888731825
18109,4.367373982
18111,4.980384519
18115,8.71836581
18119,0.159901049
18121,4.102628303
25013,5.369991391
25015,7.566060939
25017,8.957037965
25021,6.589836656
25023,6.413224428
25025,7.152109987
25027,0.98882601
26001,5.405679896
21011,0.451960396
21013,0.430039098
21015,3.073429812
21017,2.733560402
21019,1.20220379
21023,6.469093458
21025,0.112294854
21027,1.685027877
21031,3.600098652
21033,1.807784393
21037,3.090916825
21039,4.853800417
20007,0.074637649
20011,6.250173249
20015,4.518963148
20019,6.696384569
20021,7.539158745
20023,0.33626988
20035,5.591698956
20037,5.692172061
20039,2.534044937
20043,5.287332239
20045,5.551266359
20051,8.557161949
20053,3.866884307
20057,6.237580188
20059,1.376881861
20061,0.804730071
20065,6.075863679
20069,8.333252541
20071,8.842206274
20075,8.518880215
29055,5.404233659
29059,8.502149462
29061,7.646171761
29065,6.099825134
29069,5.813253242
29071,1.547819596
29073,0.959263246
29077,2.583716373
29081,0.549825413
29083,2.154436974
29087,6.129443158
29089,2.83159953
29091,4.421960169
29097,0.657166687
29099,1.779062434
45019,7.314786579
45021,0.27743446
45025,1.733309202
45027,4.371320332
45029,6.333373148
45033,7.14827462
45035,7.756401185
45037,2.225914727
45041,7.030638015
45043,1.847308694
48181,2.363399251
35023,4.524075756
35025,2.735378426
35028,4.475179205
35029,1.118101023
35031,2.881254626
35033,3.034411267
35037,0.722287247
35039,7.300053416
35041,4.954445658
35043,2.875031928
35045,3.444035518
35049,2.724503003
35051,8.565662481
35053,5.471461238
35055,4.562282709
35059,4.065782199
47011,6.408683159
47013,6.083774896
47019,5.311252936
47021,4.157934193
47023,7.16268113
47025,4.931381684
47027,4.457539199
47029,2.905315946
47033,0.911009575
47035,5.049627959
47037,6.40653653
47041,8.946747704
47043,0.504114844
29105,7.265598265
47085,2.89584486
47087,6.21175507
47089,4.807128896
47091,4.680816206
47093,1.057732074
47095,1.34862661
47097,8.574627352
47101,3.423163186
47103,3.066377261
48185,0.677876914
48187,6.091576743
48191,4.857337733
48195,1.487928375
48197,2.042330963
48199,0.876988294
48201,6.754156628
48203,8.298998791
48211,1.392297412
48213,4.547220788
48215,4.777351465
48217,2.015310451
36001,5.476826247
36003,6.031888712
36005,2.606053359
36007,2.157178815
36009,7.159657585
36013,4.358800891
36015,2.656804384
36017,8.259809337
36019,0.812392426
36025,5.901513354
36027,3.512137731
36029,7.110214119
47045,7.293145113
47049,8.878618438
47051,3.678089642
47055,4.051137479
47057,5.127267558
47059,2.956225936
47063,4.604535224
47065,2.351765082
47067,7.08362963
47071,6.666588289
47073,2.990695904
47075,5.763755624
47079,8.903029593
47081,8.748932495
47105,4.370417049
47109,7.488699637
47111,8.866399644
47115,0.260517519
47117,8.693430338
47119,3.986514928
47121,5.853739673
47123,6.652227943
47127,5.654277436
47129,0.990629812
47131,7.657777264
47135,6.897375037
47137,1.737636151
47139,2.42924003
48223,8.525201012
48225,0.679099975
48229,7.736232574
48235,1.930834082
48239,4.859748839
48241,7.652198479
48245,4.70863728
48247,6.977362156
48249,8.760902392
48255,1.354152102
48257,8.697699594
48259,7.347853615
48261,7.635028739
48267,5.821289605
36031,4.944442126
36035,3.345361327
36037,1.273479065
36039,5.28889623
36043,5.723476121
36045,1.43895566
36047,4.191477833
36051,4.840255592
36053,6.221734693
36055,4.452370044
36059,7.839728144
36061,0.667025436
30059,6.037651314
30061,2.947533145
30063,4.705388729
30067,3.902558987
30069,6.507831599
30071,1.511614005
30073,3.460543399
30077,4.759695602
30079,1.741900858
47141,2.681474655
47143,7.147582172
47147,3.979836087
47149,4.317034184
47151,5.768002118
47155,4.227435012
47157,6.845016213
47159,6.838486781
47161,2.538256414
47163,6.531800146
47165,2.85476886
29107,3.44861215
29111,2.106967519
29113,4.670346748
29117,8.203656365
29121,5.392572408
29123,7.645376521
29127,1.550074541
29129,1.869394753
29131,6.62866053
29133,3.693064552
29137,7.105766377
29141,0.361640449
29143,0.744915785
29145,5.923911705
29147,7.077445332
36063,4.940302783
36067,0.230354191
36069,6.025858983
36071,8.191900128
36075,4.057998233
36077,7.735174131
36081,3.095547556
36083,0.279948115
36085,0.509559855
36089,1.444469627
36091,7.058706119
36093,6.066778027
36097,0.388001969
36099,3.651760433
30083,6.987340693
30085,7.15409606
30087,2.062197761
30089,1.808057216
30093,0.562078349
30095,8.688507919
30097,7.543508534
30099,3.810487138
30103,3.370825591
30105,8.425474351
30107,0.208839
47167,4.700552698
47171,6.531111677
47175,0.517131491
47177,1.677662801
47181,1.050280368
40061,6.328571222
40065,3.220849629
40067,2.687239471
40071,3.36101109
29151,8.66887367
29153,4.75527573
29155,2.810109827
29157,7.024241853
29163,2.187351847
29165,8.526193609
29169,4.263876824
29171,3.226538112
29173,4.438176237
29177,0.700857495
29179,8.159114882
29181,7.310047203
29183,1.104652798
36101,8.375756795
36103,1.697309015
36105,0.067895212
36109,8.956877254
36111,0.956238064
36113,0.23729197
36115,3.287530029
36119,4.975587916
36121,7.620865394
30081,5.440352098
30109,7.37821916
30111,0.886093309
31007,2.888431816
31011,5.251148425
31013,2.339266466
31015,2.409606146
31019,2.340498995
31021,0.720331466
31023,4.464768792
31025,6.458373352
40075,5.693864755
40079,5.385271751
40081,2.35948706
40083,1.837411124
40085,3.35061113
40087,7.543279445
40089,4.325872379
40093,1.45650348
40095,1.105392764
40099,8.261686881
40101,3.309159432
29186,2.33641239
29189,7.280942864
29195,4.717110861
29199,6.518472295
29201,5.371554311
29205,7.141737333
29207,1.197973872
29209,5.639709666
29213,8.118536987
29217,3.959739156
29219,3.2152859
29223,4.33060863
29225,1.016791725
29227,0.974580507
29510,4.595312528
30003,0.408047664
36123,1.836197768
37007,7.029240462
37009,5.705581309
37011,2.524435696
37013,7.209382255
37015,1.451578287
37019,3.638752539
37021,8.908092989
37023,8.5883138
37027,7.488930389
37029,4.857705505
13059,4.199969609
17073,3.202297484
18057,4.367433999
21211,7.16241131
31027,1.508745152
31031,6.017897837
31033,7.784707269
31041,6.899693951
31043,5.704685989
31045,5.829589245
31049,8.141611233
31051,1.242440704
31053,1.138813266
31055,6.8296881
31059,4.08208353
31061,2.940690376
31065,4.463029516
31067,2.357890256
31071,6.059452293
31075,5.981873886
31077,5.385050687
31081,6.778182826
31083,4.337588415
40105,5.433858723
40107,8.201554877
40111,5.762541601
40113,4.122984451
40115,4.117728721
40117,3.635462026
40121,3.603022947
40123,8.095876308
40127,6.028173408
40129,0.149633006
40133,3.093918532
40135,1.597976949
40139,7.807736476
40141,5.727401544
40143,8.803549906
30005,5.940569497
30007,3.271658411
30009,3.919440409
30013,1.605939751
30015,3.173541863
30017,1.305232705
30019,0.706904584
30021,7.096559056
30023,1.204405376
30027,8.861512737
30029,4.888938811
37031,6.556173032
37035,0.399309981
37037,0.465801609
37039,2.893156271
37041,4.312403283
37045,3.575727588
37047,8.111547826
37049,1.365950266
37051,3.162931646
37053,5.989918917
31087,3.386808328
31089,1.02082046
31095,1.70616118
31099,1.513283788
31101,0.326234482
31103,3.722630417
31105,0.67683941
31107,7.052634401
31113,0.463458522
31125,2.802884691
31127,8.416204697
31131,5.90454216
31133,3.043878204
31137,6.916548628
31141,8.017773555
31143,1.321675133
31145,3.279815305
40145,8.990353259
40149,2.15266602
40151,8.729556106
41001,2.748614891
41003,8.406124777
41005,7.561462808
41007,5.803484513
41009,2.118927783
41011,3.049455767
41015,5.154737161
30031,6.843433644
30033,4.512168387
30037,5.040223644
30039,6.117580547
30041,0.834096189
30043,7.317897996
37185,3.822028461
37187,6.372409613
37189,3.860724052
37193,4.469196756
37195,8.258965191
37197,6.180586362
37059,6.879374622
37061,3.661663597
37065,2.744339688
37067,5.228777635
37069,7.999698499
37071,5.275334612
37075,7.868515611
37077,0.778860814
37079,8.204470193
37083,7.836272491
37085,7.222697827
37087,6.762005161
37089,2.528419743
31153,8.121973344
31155,8.459570315
31159,4.089069296
31161,8.417823138
31165,2.367738437
31169,5.138467674
31173,7.931661478
31175,7.003717991
31177,2.221815694
31181,1.187808347
32001,6.897295471
32005,7.135472612
32007,3.845457898
32009,4.899797347
32011,1.05535516
41017,6.611191491
41019,7.69068053
41021,7.046159259
41023,2.081978924
41027,1.764627336
41029,1.857380742
41033,6.940749264
41035,3.998633141
41037,7.958092256
41039,5.570863722
41041,0.942847057
37199,8.582423053
38001,7.504525375
38005,8.08110874
38009,7.421326063
38011,4.541938576
38015,8.151495391
38021,0.511185609
38023,8.514584656
38025,6.452106107
38029,2.893456187
38033,3.010367804
38035,5.674450471
37093,2.436795921
37095,0.936431413
37097,5.344881555
37099,4.029832107
37103,7.353180246
37105,5.281699994
37107,3.984168303
37111,8.156815331
37113,4.618063431
37115,6.881642438
37117,0.572675958
31147,0.67236457
32013,8.674177397
32017,6.001861814
32019,8.155950744
32021,2.692714336
32023,6.255118309
32029,5.617342434
32031,0.165437823
32033,7.920340368
33001,1.761575634
33003,0.977498047
41043,7.576588243
41045,3.344670414
41047,2.781239557
41051,7.835759813
41055,8.595018986
41057,7.747889663
41059,6.202835438
41061,7.614332277
38037,2.612023567
38043,2.308714001
38047,0.834398402
38049,3.837916144
38051,1.518407813
38053,2.314633541
38055,7.949017504
38059,5.491043221
38061,4.956409953
38065,4.830206212
38067,6.063479149
38071,8.832207508
38073,8.656943228
38077,5.936908565
37119,4.433506353
37121,6.020701934
37125,7.50000186
37129,1.703591448
37131,0.453820313
37133,3.089439846
37137,6.790856159
37139,4.60860341
37141,7.376402711
37143,8.247661046
37147,0.001737697
37149,4.03955451
33005,3.863587782
33011,4.836723811
33015,7.347537422
33017,0.152402684
33019,8.51902734
34001,6.237108773
34005,7.587247015
34007,6.239288543
34009,8.51728629
41063,6.432720674
41065,2.362773812
41069,5.755680851
41071,3.4195993
42001,3.65202534
42003,7.449576282
42005,4.111431742
42009,0.389001486
42017,6.236837639
42019,5.66645217
42021,0.998736133
42025,6.834009306
38079,8.764777942
38081,5.544331792
38085,8.09460344
38087,1.242753115
38091,6.345097357
38093,5.996759075
38099,0.17520244
38101,1.486064545
38105,5.237395027
39001,1.354688438
39005,6.131598789
39007,7.916630969
37153,6.736158252
37157,5.559755746
37159,8.46503397
37161,7.556755497
37163,6.878412687
37165,4.588928101
37169,0.619586663
37171,3.887784718
37173,7.079260035
37175,1.065809112
37177,7.60693946
34011,6.971472025
34013,1.139787772
34015,7.335425506
34019,0.306641745
34021,8.331272598
34023,8.676840357
34025,7.112910666
34027,2.145023354
34031,0.49856341
34033,6.099141323
42027,4.596939725
42029,1.324115131
42031,8.868382364
42035,4.602667036
42037,7.382213645
42039,4.277319748
42041,7.529068018
42043,6.895132649
42045,2.782696288
42049,8.320183286
42051,1.415770182
42055,6.104425789
39009,2.638816221
39013,7.887133167
39015,1.728147469
39017,6.713766953
39021,5.266307922
39025,1.96821818
39027,1.42792304
39029,0.363874098
39035,8.02309333
39037,5.171517578
39039,5.453901428
39043,1.922637571
39045,4.250187746
39049,1.918561166
39051,0.774615244
39057,0.221827442
45049,4.591571217
45053,1.139835091
45055,3.212936482
45057,0.413985213
45059,1.882086319
45063,7.653616903
45065,0.066271338
45067,4.683204271
45069,6.698067683
34039,7.056453859
34041,8.947945166
35003,2.616450891
35005,3.121739274
35006,1.157982272
35007,2.931703447
28083,7.751071851
28087,8.090967384
28089,7.869951023
28093,2.779459587
28095,0.237951032
28099,7.778035828
28103,0.963208273
28105,2.303947166
28109,6.280053219
28111,4.650628193
42057,1.195301831
42059,5.491456771
42061,3.577033843
42065,3.177504091
42067,8.608851679
42071,7.981428572
42073,0.006819386
42077,7.697009406
42079,7.148199268
42081,0.866971237
42085,2.873452173
42087,8.480804277
42089,1.3619755
42091,8.274632939
39061,0.361230857
39063,3.886035911
39067,2.133406119
39069,8.758133342
39071,6.557898771
39075,3.985914874
39079,0.778859877
39081,6.30290268
39083,4.079124817
39085,4.185100617
39087,3.424807256
39093,6.619321125
39095,2.0707828
39099,5.858439859
39101,7.731327293
45071,8.056169725
45073,6.448982166
45075,6.89802566
45077,3.923843148
45079,3.201722051
45083,6.132428846
45085,8.537366354
45089,8.23869891
45091,3.846640804
34037,8.354637231
28113,5.577459411
28119,6.097024428
28121,4.676642225
28125,2.839405162
28127,6.233428096
28131,1.567552838
28133,2.740990029
28135,4.902825349
28137,7.643791387
28141,8.260828931
28143,6.606109128
28147,3.417432018
42095,5.045156705
42097,3.048579026
42099,1.822979803
42101,4.984761531
42103,2.621257748
42109,8.11358762
42111,4.750322795
42115,1.425724955
42117,3.884470551
42121,7.761554963
42123,0.354254071
39105,6.383334255
39107,6.55236492
39111,5.749129033
39113,3.570601254
39115,5.493382229
39119,3.211677645
39121,4.764681246
39123,1.171481017
39127,2.03526069
39129,8.115163259
39133,4.109619049
39135,3.764944104
39139,3.532738194
39141,6.331267054
39145,4.812356081
39149,1.624291938
39151,0.504134305
46007,6.243518252
46009,3.147086074
46011,6.723254595
46015,6.039486045
46019,8.193627624
46021,6.419786069
46023,4.109582844
46027,1.640316979
46031,4.081522927
46033,1.258140121
46039,6.028316317
46041,0.193618266
46047,6.294242832
46049,0.085477744
46051,4.762973959
28151,3.077495634
28155,8.025204327
28157,3.176678568
28161,7.682583906
28163,5.529205452
29003,8.140841333
29005,3.654137536
29009,3.974082669
29011,3.990811345
29013,1.185331822
29017,1.085454685
42125,1.257015653
42127,0.844035139
42129,3.554273356
42133,6.297404533
44001,4.471575708
44003,7.751206745
44005,0.212176435
44007,3.071040191
39153,3.991454672
39155,3.011650746
39161,5.071209571
39163,0.957402108
39167,3.338698124
39171,8.259835227
39173,5.896887809
40001,4.432174836
40003,6.442145543
40007,7.92381994
40009,0.004394467
40013,7.555320271
40015,6.071774051
40017,4.073718803
46053,2.304362161
46057,8.527758106
46059,1.405770079
46063,8.445884194
46065,3.394574468
46069,5.642198786
46071,8.170182161
46075,5.979636027
46081,8.723181221
46083,7.003053837
46085,2.072959627
46089,6.726556261
46091,5.382071426
46093,7.057768726
46095,1.54259739
46101,4.673374677
29019,5.474605722
29021,8.338769911
29023,6.228314457
29029,6.712990093
29031,2.665996966
29033,1.634651595
29037,0.777599231
29039,5.833655096
29041,0.372531414
29045,6.124948863
29047,4.247194664
29051,1.389157225
44009,4.11008934
45003,6.889075461
45005,2.310244913
45007,7.633667225
45011,0.977487811
45013,7.030127168
45015,2.096594327
45017,3.394414466
40021,1.978115888
40023,8.13009971
40025,6.869277793
40029,5.364485134
40031,7.060147953
40033,3.652808922
40035,5.385298225
40041,5.970483507
40045,2.85574056
40047,1.045065783
40049,6.191057015
40051,7.850803432
40055,7.873086606
35013,2.611052763
35019,1.328177033
35021,7.685045625
46103,6.802413359
46105,8.217170619
46109,0.777640794
46113,5.041181285
46115,2.412217499
46117,2.296869607
46119,3.440063737
46123,7.109367391
46127,1.71264371
46129,8.494446201
46135,0.613184036
47001,1.56750745
47007,7.378686717
47009,1.069426972
53065,5.890364632
53067,7.721745749
53071,7.621090964
53073,5.308278522
53075,0.810409104
53077,1.990068191
54003,0.66508526
54005,6.341445569
54007,4.402482678
51009,1.441237002
51011,2.486454689
51015,6.809159312
51017,5.738348146
51019,0.111758813
51021,2.892971928
51023,2.513638162
51027,8.97098735
51029,3.125355283
51031,2.576281565
54009,5.80875323
51033,3.265402176
51036,4.248019666
51037,7.413259627
51041,8.017352671
51045,2.374000146
51047,6.201316333
51051,8.201231316
51053,8.352419166
51057,2.850804721
51059,4.033380666
51061,3.830058802
51065,3.728835317
51067,0.601148164
51069,4.376662872
51071,3.498850153
51073,2.311458129
51077,3.299418214
51079,0.709508236
51083,0.211995615
51085,5.764267757
51087,0.128549175
51089,8.775348324
51091,2.45276888
48271,2.516355556
48273,0.704032729
48275,5.433454527
48277,6.050685638
48283,2.415902975
48285,7.0486648
48287,1.487609152
48289,0.380998493
48295,1.97305006
48297,5.957150477
48299,2.000853617
48301,7.693479695
48307,6.687847046
48313,5.616125909
48315,0.350773948
48319,5.739248121
54011,2.648941021
54015,4.317948729
54017,0.010422472
54019,5.400067268
54023,5.073551759
54025,0.930433956
54027,7.540445392
54029,7.127737299
54031,2.78313914
51093,8.294336873
51095,5.741116098
51099,8.27636825
51101,5.805371024
51103,6.323196167
51105,7.080326387
51107,4.091421242
51111,6.434681068
51113,5.120315506
51115,8.127460889
48323,4.41280914
48329,7.072872065
48331,2.679576408
48333,0.694711442
48337,3.225774662
48339,1.452958002
48343,2.933331927
48347,2.510964036
48349,2.503601069
48351,2.953060412
48355,6.707071619
54035,0.942941388
54037,5.547548618
54039,4.023591981
54043,1.248531625
54045,8.624471405
54049,3.893719037
54051,0.378032332
54053,1.738694807
54055,1.510541488
51117,5.880772794
51119,4.652341187
51125,4.087451505
51131,8.069180019
51133,3.861573205
51137,2.225859406
51139,0.106729785
51141,8.002613414
51143,4.069104581
51147,5.282424857
51149,3.05359085
51153,5.33125357
51155,1.10118896
48321,5.779288562
48361,3.489913407
48369,3.156740176
48371,4.948376797
48373,6.595522246
48377,5.99651128
48383,6.796993454
48385,5.641551235
48387,8.092876769
48389,2.996469523
54057,7.054981064
54063,6.214808657
54065,8.67329348
54069,1.565861058
54071,8.838957007
54073,0.486041807
51157,6.546566462
51161,4.996824536
51163,2.44098593
51165,1.407617677
51167,1.301786982
51171,6.551886727
51173,5.677234329
51175,6.376272682
51177,5.683167294
51179,7.811866564
51183,0.519242776
48391,0.946332677
48395,3.084495293
48401,5.88023586
48403,8.321914294
48405,0.548370285
48409,7.329875053
48411,2.670172237
48415,5.300824581
48419,5.939515425
48421,8.201910062
54075,0.711105508
54079,0.671261656
54081,8.409637614
54083,4.325533089
54085,2.715811602
54087,0.48402318
54091,1.187032225
54093,4.358033324
54095,3.775381137
54097,2.87827542
51185,3.168666491
51191,8.512847679
51193,7.69316692
51195,3.81776839
51199,1.114938018
51510,4.363175939
51520,8.584572318
51540,2.911094486
51550,6.690686217
51580,1.999979547
51590,1.684049587
51600,1.641007108
51620,4.215822711
51630,3.63613456
51650,3.890562922
51670,2.14887117
48423,7.077715044
48427,2.92177491
48433,7.044826193
48435,4.867357467
48439,1.721756263
48443,7.812266062
48447,7.104679311
48449,1.341257968
48451,7.817788704
48453,3.640030154
48457,1.96459623
48459,2.555185374
48463,3.583123578
48465,8.150723363
48469,4.035703961
48471,6.633892069
54099,8.22017861
54103,6.229859892
54107,5.3906982
54109,8.379244627
55003,5.095764099
55007,6.235730995
55009,7.246355986
55011,1.573293472
51678,4.140691716
51680,6.958649247
51685,1.887246531
51700,6.444273092
51710,5.587194878
51730,7.989853228
51735,8.740395078
51750,0.933455347
51760,1.290471367
51775,0.190587918
51790,1.606363868
51800,8.66267448
51810,0.020773929
51840,2.548292226
53001,2.850548716
53003,8.997215366
53005,8.084835234
53007,2.354503895
48475,7.221379776
48477,0.498436301
48479,5.812384115
48485,5.026338737
48487,4.87087635
48489,2.523923453
48493,3.303323305
48495,6.978192981
48499,6.773932079
48501,7.615842457
48505,8.629715931
49001,6.922384762
55013,3.987710802
55019,6.159065935
55021,6.245146949
55023,2.121865742
55031,1.741756176
55037,2.676763423
55041,1.339845725
53009,5.55147749
53011,5.592559561
53015,6.845296725
53017,8.022425251
53019,7.242580197
53021,3.998278306
53025,8.270032085
53027,0.64504845
48473,4.461720447
49003,2.633366702
49005,4.748314584
49007,7.677108147
49009,3.206881249
49013,2.953515659
49015,6.197574692
49017,6.329523502
49019,2.464881192
49023,6.318837713
49025,1.110052955
55043,0.101650135
55049,6.302968829
55051,2.389796861
55055,5.297477103
55057,3.745129253
55059,3.993236453
55061,0.665689369
55063,5.018516719
55069,4.100485392
55071,4.787550602
55077,6.655645304
55078,7.526599881
53029,6.485722714
53031,2.333617391
53033,8.760618972
72025,8.178421168
72029,2.90675344
72031,3.904880808
72033,6.119281831
72035,4.676330303
72037,3.636564187
72041,6.630530752
72045,1.663979651
47187,5.149024372
47189,8.434288176
48001,0.857079101
48005,6.292628012
48007,8.210374704
48015,4.01644231
48019,2.753035874
48021,0.780179792
48025,6.685677574
48029,8.761582265
48033,8.109340741
48035,1.169904205
55079,3.928051748
55083,6.836310884
55087,5.114032171
55089,5.162037709
55091,5.389499292
55093,1.328101686
55095,1.618616535
55101,2.454949998
55105,7.567572668
55109,7.070740181
72047,8.208541329
72049,3.712476825
72053,3.570875794
72055,0.21946794
72057,3.731954418
72059,7.541308427
72061,8.577643312
72065,4.633695167
72067,0.209758985
72071,5.013516408
72073,0.823884935
72075,1.96014471
72079,3.445411404
72081,3.305051514
72083,6.366007129
72087,4.327090765
72091,3.922849805
72093,0.52077985
72097,3.472819503
72099,5.53266354
48039,5.485657398
48041,3.968177512
48043,7.563134561
48049,7.579798376
48051,0.784406652
48053,3.76938947
48055,0.367909592
48057,4.949083001
55111,7.138423722
55115,6.106229065
55117,7.617750516
55121,4.48889834
55123,2.163520408
55125,6.643906314
55129,8.459741061
55133,2.346727388
55135,8.322521715
55139,6.579630689
55141,3.368388001
56001,8.253910225
56003,0.862923325
56007,3.846220166
56009,8.476328868
56011,0.512189399
56013,5.973564733
72101,1.197934994
72103,5.981587844
72107,3.574370852
72111,2.397059176
72113,8.592145997
72115,2.480866567
72119,2.763790399
72123,2.894821916
72125,3.883315519
72127,0.544951592
72131,5.762181908
72135,3.06114651
72137,5.450822686
72141,1.438199278
72143,4.741926118
72147,8.621335974
72151,6.557478394
72153,2.257897137
05079,3.778457332
12027,3.21256338
48067,0.241532948
48071,0.714471955
48073,6.780114623
48077,4.594478248
48083,5.480353346
48085,7.23548438
48089,5.290678105
48091,3.936504156
48095,1.081607381
48097,2.26239314
48103,3.591805081
48105,6.105330488
56017,5.784274837
56019,3.964403749
56021,4.038617728
56023,2.507711679
56027,7.296789159
56029,4.523234169
56033,1.383251382
56035,3.699880904
56037,8.039766827
56039,6.485291946
56043,6.737187239
72001,8.809662781
72003,5.987424924
72005,2.797351387
72011,0.954700347
72013,7.935134313
08035,4.666494839
01083,7.992103051
18045,7.550030067
17063,2.25496945
20009,4.897181364
20123,2.914830133
27003,8.060494267
27109,4.948076986
31003,8.629078743
31119,5.367493876
35009,4.831611344
39175,1.316895875
46035,3.145790901
47145,7.988671674
48045,6.513980985
48169,5.061489106
54059,7.527091446
55029,8.948964531
55119,6.303110476
72139,6.644445362
20143,6.853748672
27099,5.998152968
24039,4.879551827
31079,7.892162167
28149,1.337516924
37183,2.914354912
46037,7.56169861
48061,5.575041272
48109,5.633907139
48113,5.07392742
48117,6.093246884
48119,8.180299784
48123,0.885673378
48127,4.592159832
48129,0.050170288
48133,0.432062166
48135,8.63726304
48137,1.629239542
48139,2.784560949
48141,5.848477473
48147,8.353247281
49029,6.13947091
49033,0.549910987
49035,4.699884708
49037,2.261843488
49041,5.148552847
49043,2.060363944
49045,5.136564225
49047,4.555210888
49049,4.412336749
42033,4.290186693
48177,7.816958303
48425,4.020224139
54077,1.920154548
48151,5.71783527
48153,0.130385693
48155,4.470768399
48157,6.576131509
48161,7.145856129
48165,8.824436157
48167,5.248867122
53037,1.780973153
53039,4.995464932
53041,5.370585917
53043,4.237273185
53047,5.66427922
49051,6.913677436
49055,0.835676575
49057,8.638166608
50001,8.258512259
50005,7.114496727
50007,7.545031105
50011,1.922626325
50013,6.838787472
50017,8.732701492
53049,4.31978854
53051,0.314488926
53053,5.817009452
53055,7.454864586
53057,6.084095061
53061,2.810610543
53063,5.467565285
50019,2.728699829
50021,1.145585755
50025,4.140743335
50027,8.960624949
51001,4.691016739
51005,0.599586367
51007,0.304094526